abak,morning,
"abalu, mabiasa",learn,
"abisuan, warningan",warn,
abito,vestment,
abl,"answer, response",
ablas,revenge,
ablasador,bolster,
ablasanan,take revenge on,
"abli, apiabli",proceeds,
abluk,temptation,
absik,sweet potato rot,
absikan,rotten,
abtyawan,saw,
acmulan,throat,
"adiskubri, atuklasan",discover,
adornuan,aborn,
adta,sap of tree or plant,
"aduan, yawad",implore,
aflwxw,later,
agaganaka,miss,
aganaka,remember,
aggaganaka daka,i miss you,
"agkas, pangayagkas",pronunciation,
agkat,ask someone to come,
agkatan,urge,
agli,wait,
agnan,at the same time,
agpa,"armspan, raise the arms on the side",
agpang,according to,
agrikultura,agriculture,
agta,sap,
agtalan,pick,
aguanta,hold back oneself,
aguantan,hold,
"aguantan, yawat",restrain,
agyap,cold sore,
agyu,"able to do, can",
agyu,can,
"agyu, akarapat, chans",chance,
aili,laughter,
akalingwan,forget,
akawul daka,akawul,
akbung,explosion,
akdutan,pinch,
"akiang, akiang mang, maki, maski na",although,
aklung,fold the legs in,
akmul,swallow,
akmulan,throat,
akua,get,
"ala - as in ""ala yu"" (he is abent)",absent,
alakak,snore,
alampusan,overcome,
alanangga,eternity,
alangala,back of the throat,
alapap,atmosphere,
alapap,"cloud, heaveans, sky, the sky",
"alata, mayasinta",conspicuous,
alauli,whirlpool,
albe,watch,
alben,watching,
albug,flood,
albugan,west,
"albulario, arbulario (faith healer, herd medicine man)",quack,
aldaba,prop for the window,
aldo sueldo,payday,
aldo-aldo,"daily, everyday",
aldukan,absorb,
alemania,germany,
alerto,alert,
alibuga,prodigal,
"alila, ipus",maid,
alimbawa,"example, sample",
alimbawa,supposing,
alimu,alimu,
alimum,petrichor,
alipatpat,firefly,
alisus,whirlwind,
aliwa,another,
aliwa,other,
aliwa,distinct,
"aliwa, makayaliwa",different,
almuadun,cushion,
alpa,cook on top of the rice,
alti,lightning,
alti,lightning bolt,
aluagi,carpenter,
alubebe,fermented salted fish sauce,
"aluminyum, aluminium",aluminum,
aluwagi,carpenter,
amanwan,mean (to signify),
ambukan,root,
ambul,mix soup with the rice,
amfiby,to you,
amlat,historical record,
ampil,clean/wash the dishes,
ampit,go inside the house,
amuk,mosquito,
amusal,breakfast,
amuyam,sponge,
"amuyutan, konbincian",persuade,
anam,six,
anapaya?,what did he/she say?,
andarul,child's walker,
angkamin,"claim as one's own, covet",
angu,"extract, take",
anibersario,anniversary,
anitpatiko,antipathetic,
antabe,close by,
"antayu, ante",where,
ante,where is,
anti,like,
anti,"compared to, like unto",
anticipo,down payment,
antimong,antimong,
anto,where are,
anyus,years (years/old),
ap,visit,
apag,to set the table,
aparadul,wooden cabinet,
apekto,effect,
apektuan,affect,
"apialis-alis, apidusug-dusug",movable,
apibabaluktut,flexible,
apibata,withstand,
apibata,stand,
"apilido, pilidu",surname,
"apiunab, apibalak",realize,
apse,"say, state",
apuntador,prompter,
arana,serenade,
aranguilla,syringe,
areplano,plane,
areplano,airplane,
armi,army,
artipicial,artifical,
"asaganan, asalubung, atabnuan",meet,
asbuk,mouth,
asik,"i.e. rice, sowing seeds",
aske,"countenance, look",
aslagan,"east, where the sun rises",
aslak,sunken,
aslat,"insert in, meddle in",
asnuk,be full of,
aspak,crack,
aspakan,break,
astaka,stake,
astrononia,astronomy,
asuk,smoke,
aswal,dig up,
aswen,harrow,
asyag,sty,
atab,tide,
atatagkil,tangible,
atbu,sugar cane,
"atbus, atbusan",ransom,
"atchi, atsi",older sister,
atdu,gallbladder,
atdu,gall bladder,
atilu,"in, within",
atlu,three,
atsit,pick out,
atsu,atsu,
atul,"decision, prescription, verdict",
atyat,stretch out the arm,
aula,cage,
"ausan, maus",call,
autoridad,authority,
ayamuyut,"persuade, coax, convince",
ayanak,beget,
ayntindyan,understand,
"ayus, areglado",all right,
babagwa,spider,
babat,"belt, sash",
babi,pig,
bagkat,nougat,
bagkat,"jam, jelly",
bagse,"oar, paddle",
bague,matter,
bague,stuff,
"bagutan, mabit, gulyut",pull,
bagya,"a little bit, slight",
"bagya, baguia",little,
bagya-bagya,slowly,
bagya-bagya,slightly,
bagyus,feather,
bagyus,wing,
bagyus,the long wing feathers,
baiki,mumps,
"baintau, soltero",bachelor,
baiwan,new,
baknal,have the throat blocked,
bakulau,chimpanzee,
bakulau,ape,
bakulud,"a plateau, high plain",
bakwe,smoke a cigarette with lit end in mouth,
balabalibul,spiral,
balakwit,wicked,
balasenas,eggplant,
balasik,fierceness,
balbakua,cod,
"balbal, lasi",shattered,
balen,"country, town",
"bali, baling, daracha",virtually,
baligon,distract,
balikdan,glance at,
balikid,look for the past,
balikid,to loock backward,
"balita, inpormacion",information,
baliuag,untouched,
baltang,shortcut,
baluarti,bulwark,
baluarti,bailiwick,
baluatan,pry,
balubad,"cashew, cashew tree and the fruit",
balugse,throw away,
"balugse, balabag",slam,
balungus,mouth,
balungus,upper lip,
balusbus,"like rice, winnow",
balwan,to know,
bana,swamp,
bana,translate,
bandala,bag,
bandi,darling,
bandi,property,
bandian,claim,
bangal,"divide, split",
bangi,bangi,
bangi,rice crust at the bottom of the pot,
bangkal,mangrove tree,
bangkasu,a kind of basket,
bangke,corpse,
bangli,"burn with hot water, scald",
banglu,sweet smell,
bangnas,"rotting smell, spoil",
banguera,cupboard,
banila,vanilla,
banketa,sidewalk,
"bansa, labuad, balen",country,
bante,guard,
banten,watch,
banua,"sky, year",
"banua-banua, banuahan",annual,
banus,"furled leaf, usually palm",
baradap,drum,
barag,iguana,
"barak, barag",lizard,
barandillas,ballustrade,
barandillas,guardrail,
barandillas,baluster,
baria,coin,
barikulkul,Where you go,
"barilis, dram",barrel,
barkillo,waffle,
barkun,porch,
barongga,throw,
"basibasan, barongan, basibas, baronga",cast,
bast,bust,
bastag,let loose,
basultu,kapampangan folk dance,
batal,neck,
batala,omen bird,
batcha,large basin,
batiawan,"see, watchtower",
batingting,bell,
batio,watch over,
batuytuy,bird,
batwin,star,
"bawasan, bawasnan, bosnan, kulangnan",lessen,
bayat,weight,
"bayu, kababaiwan",new,
bayuk,sag,
bayutuk,bend something down,
belwan,knowledge,
benepicio,advantage,
bengador,avenger,
bengatibo,vindictive,
bengatibo,vengeful,
bengatibo,bengati,
benusan,furrows in rice paddies,
beranda,balcony,
beranda,veranda,
berdigonis,pellet,
beria,sweetheart,
bersikulo,verse,
beterinario,veterinarian,
betute,stuffed frog,
beutaiful,beutaiful,
biabas,guava,
biahe,trip,
biasa,genius,
biasa,"clever, skillful",
bibinka,cake,
bichu-bichu,donut,
bie,give,
bie,"give, life",
bie,pahingi,
bigak,farrow,
bingo,crack or chip in a blade,
biniagan,baptize,
bioleta,violet,
biria,wax,
birya,amber-like substance used for patching,
bisinkleta,bicycle,
"bista, byu",view,
bitas,torn,
bitaul,howling of a dog or wolf,
"bitin, bikti","hang, python",
bitis,leg,
bitse,winnower,
biye,"give, life",
biyuk,scar,
biyung,roaring sound,
blanko,blank,
bokaypatu,pincers,
bokyu,stupid,
"bomba, bomban, momba",pump,
boxingero,boxer,
brip,brief,
buat,carry on the back,
bublag,brobtigas,
bugatchan,huge belly (not pregnant),
bugnus,"expend, to let out",
buisan,lease,
bukatut,a kind of fish trap,
bukilia,mouthpiece,
"buklo, muklo, tumumbo",bulge,
bukungtari,knuckles,
bukut,"bent over, crooked",
bulalag,reveal,
bulangisngis,a kind of bat,
bularit,a kind of cockfighting game,
bulaun,molave tree,
bulawe,hawk,
bulikat,cramp,
bulus,pitcher,
bulus,"to set free, or to release",
bulus,"diarrhea, flood, pour",
bulus-bulus,stray,
bulyo,yell,
bulyus,masturbate,
bungil,a catfight,
buntuk,head,
burarul,kite,
busni,open,
butaki,house lizard,
butaki,lizard,
butikas,calf muscle,
butit,calf,
butu/buto,dick / dick,
butul,"bone, seed",
butulan,a kind of banana that has seeds,
buyagyag,flabby,
"buysit, sisti, biruan, buysitan, mamuysit, magsisti",joke,
buysitan,tease,
bvrsad,cover,
bwak,hair,
byai,"journey, trip",
byakus,a type of fishing net,
camello,camel,
canglap,danger,
capeteria,cafeteria,
"carera (professional -of dogs, horses, cars, etc.)",race,
catalago,catalog,
cebano,violin,
centimetro,centimeter,
cerbesa,beer,
chichirya,junk food,
cigarillo,cigarette,
cirkero,acrobat,
cirku,circus,
cirkulo,circle,
ciudad,city,
"clerk, eskribiente",clerk,
colehiala,collegian,
complikacion,complication,
condicion,condition,
conferencia,conference,
contrabando,contraband,
contratista,contractor,
convincen,convince,
curiro,romance,
daba,a large wide-mouth earthen jar,
dadabulbul,gushing out,
dadanup,starving,
"dagdagan, miragdag, dakal",increase,
dagis,rat,
dagis-dagisan,lump in flesh caused by a sharp blow,
daguis,rat,
daiwan,foreigner,
daka,you (first person executing the verb),
dakal,"many, much",
dakal,abundant,
dakal,majority,
dakal,proliferate,
dake,"portion, share",
daklat,path,
dakpan,capture,
dakpan,"catch, to catch or apprehend",
dalaira,talkative,
dalakit,"come over, cross over",
dalakit,to cross,
dalangat,to look up,
dalangita,an orange,
dalangita,tangerine,
dalayap,lime,
dalerayan,description,
dalum,"accusation, complaint, lawsuit",
dalungdung,shelter usually a lean-to,
dalyawat,"acne, pimple",
damara,"a shelter, arbor, shade",
damauana,"a big glass container, demijohn",
damla,honor,
dampul,"color, dye",
damuku,a field crab,
damul,mess up,
damusak,step on,
damusakan,to step on,
dana,matabang tomboy,
danggut,"edge, point",
danum,water,
danun,early,
danupan,"hungry, starving",
dapal,hurry,
dapdap,"balete tree, home of the fairies",
dapot,"but, however",
dapug,bonfire,
dapuk,put inside a container,
darabulbul,gushing over,
daragis,constipated,
daratang,upcoming,
daratang,impending,
darechuanan,heart-to-heart,
dars,aunt,
das,to arrive,
dase,woven mat used for sleeping,
dase,mat,
dasnan,come upon,
"dati, sadia",original,
datuk,to put in a bag,
datukanan,"bag, bottle, container or bag",
datun,"peaceful, silent",
dawak,evil,
dawayan,indecisive,
dayat,field,
debocion,devotion,
decisionan,decide,
dekoracion,decoration,
delegacion,delegation,
delirio,delirium,
denas,sparrow,
depaskwa,poinsettia flower,
depektado,defective,
depekto,flaw,
derit,kind of fishing net,
determinacion,determination,
"determinado, decidido",determined,
dewakan,universe,
deyt,date,
"diablos, demonio, alte, digpa ning alte",devil si jm,
"diablus, alti",damn,
diario,newspaper,
diborcio,divorce,
digpa,fell or dropped on,
dikcionario,dictator,
"dilensian, magdilensia",extort,
dimla,cold,
dimpol,dye,
dimpulan,dyed,
dimut,lacking,
dipaningalti,"curse, may lightning hit you",
direkcion,direction,
diretsa,direct,
diris,dried fish,
disciplina,discipline,
"disciplinado, madisciplina",disciplined,
"disgustado, mesumami",disgusted,
disgustu,disgust,
disinuebi,nineteen,
disku,a mishap,
dispacha,dispatch,
dispu,hello,
distiliador,screwdriver,
"distritu, distrito",district,
ditak,"few, little, slight",
ditak,little,
ditak,small,
"ditak dili, puguít",least,
ditak-ditak,little by little,
ditsuanan verb: ditsu,jujitsu,
dolar,dollar,
domingo,week,
donkella,virgin,
dramaturgo,playwright,
duelo,duel,
dugpa,"alight, drop, land on",
duku,stoop,
duku,bow to,
duku,duck,
dulukan,to burn,
dumanup,starve,
dumayas,strain,
"dumulang, parulang, rollo",roll,
dumurut,spin,
dumurut,turn,
"dumurut, padurut",rotate,
dungus,stomach,
durut,spin around,
dusug,move,
dutung,"tree, wood",
dutung,timber,
dutung,stick,
duwala,mystery,
duwang,hand something over to somebody,
dwi,fishbone,
dwi,fish bone,
ebanghelio,gospel,
ebidencia,evidence,
"ebun, kulul ebun, kuliawan",yellow,
economia,economy,
ectaria,hectare,
eehwl,circumstance,
ef,bold as love,
elebeitor,elevator,
elegante,elegant,
empleado,employee,
endredos,scandal,
entonkes,thus,
episentel,epicenter,
ercicio,exercise,
eskribiente,scribe,
espia,spy,
esponga,sponge,
estatua,statue,
estiman,esteem,
estrangheru,"alien, stranger",
estrella,star,
estudiante,student,
exacto,precise,
fikoqe,hskhlbqbftagdpyptsy,
flcvhq,strike,
francia,france,
gabak,torn,
gabak-gabak,tattered,
gabun,"land, soil, ground",
gadtu,half-cooked as in rice,
gaguti,cannot talk straight,
gakgak,cry,
galapak maili,guffaw,
galaukan,pick,
galiguit,gnash,
galikguik,giggle,
galikguik,screech,
galikguik,squeak,
galo,"action, movement",
galudgud,spine,
galudgud,backbone,
ganadus,animals,
gandus,yam,
garapata,flea,
gareta,oxcart,
garitun,cart,
gartilla,wheelbarrow,
"gasgas, megasgas",abrasion,
gaslo,unruly behavior,
gastarul,wasteful,
gastarul,extravagant,
gastarul,spendthrift,
"gastus, pigastusan",expenditure,
gatal,itchiness,
gatiauin,name of a barrio in arayat,
gatpanapun,afternoon,
"gawa, dapat, accion",action,
gawuk,to get something by using (dipping) the hand,
gayndu,mother,
gayndu,mother (of animals),
gili,slice,
gitad,flirt,
gitata,reek,
gladiola,gladiolus,
gosa,gauze,
gracia,blessing,
gracia,boon,
graduacion,graduation,
granada,pomegranate,
granati,maroon,
grande,grand,
grktns,rybsstrdum,
"guardia, guardian, banten",guard,
guarnakion,bridle,
"gubat, kakewan",rainforest,
"gubat, kakewan",jungle,
guilian,cut,
guilid,border,
guilid,brink,
guilid,edge,
"guilid, tibis",slope,
"guilitan, guilit",slit,
guinaldo,gift,
guisingan,wake up,
guitarista,guitarist,
"gulasio, gulait",yell,
gulasyo,shout,
gulis,mark,
gulis,line,
gulisan,scratch,
gulut,back,
gulyutan,tow,
gumale,sing,
gunut,gunut,
gurul,hill,
gusal,activity,
gutgut,complicated,
guyabnan,handrail,
hata,will you do something?,
hege,dinner,
his/hers,"keya, kaya",
hudios,jew,
huebes,thursday,
"hues, kuman, atulan",judge,
hulio,july,
hunio,june,
husticia,justice,
mapalyari,suppose,
iagkas,say,
"ibalik, subli",return,
ibe,dizzy,
ibie,give,
ibie,convey,
"ibie, pagkalub",extend,
ibye,give,
idake,share,
"iduang, yabut",hand,
iglip,doze off,
iglo,eagerness,
igpit,"strictness, tightness",
igrupu,classify,
ikwa,get,
ila,"them, they",
"ilaga, mukal",boil,
"ilague, ipalto",expose,
ilanio,rarify,
"ilapad, ilualas",widen,
ilib,cogon grass,
ilig,"interest, taste for",
ilu,silk,
"impisa, kapuprumeruan",begginning,
imungkai,suggest,
imut,ask for something,
independencia,independence,
"inspeksyunan, inspekcionan",inspect,
inspiracion,inspiration,
intencion,intention,
inyawad,ask for,
ipabando,advertise,
"isadia, yanda, magsadia",observe,
isak,small brook or stream,
isik,chinese,
iskrin,screen,
iskuala,miter,
"iskuater, makituknang",squatter,
ispagueti,spaghetti,
istuna,stop,
itaid,link,
itas,elevate,
"itas, ibuat (lift)",raise,
"itatag, ipundar",establish,
itaute,retail,
"iti, ining, ining..aini",this,
itulid,straighten,
iyagpa,spread,
iyapse,say,
jo,friend,
jo,partner,
jo,love,
kaballero,cavalier,
kabangal,a piece of,
kabanglu,kabanglu,
kabat,to lock,
kabayangnan,youth,
kabiasnan,intellect,
kabiasnan,wisdom,
kabid,pull back,
kablas,backfire,
kablas,echo,
kabsi,fullness,
"kabusadu, sanak",familiar,
kabyo,process sugar cane into sugar,
kadalumduman,darkness,
kagli,state of conceiving,
"kaguili, guilian",slice,
kaili,left,
kaili,left side,
"kakaburi, kapalsintan, nobia, -ia",sweetheart,
"kakaburi, katipan, nobio nobia","fiance, fiancee",
kakak,stammer,
kakak,stutter,
kakak,stammerer,
kakak,stuttering,
"kakaluluan, kalipitan",poverty,
kakewan,forest,
kakialung,playmate,
kaklak,deafness,
"kakompetencia, kasalipit",rival,
kalaalangnan,venerable,
kalabkab,blaze,
kalabukab,a poisonous snake similar to a cobra,
kaladua,soul,
kaladwa,soul,
kalagad,scarcely,
kalakati,snips used for breaking betel nut,
kalame,a kind of rice cake,
kalamunding,philippine lemon,
kalamunding,lemon,
kalamungge,a kind of vegetable,
kalapanti,shards of broken china or ceramics,
"kalbag, kinco",nickel,
kalbit,"touch, tap",
kalbitan,trigger,
kalbitan,pluck,
kaleldo,summer,
kaleldo,season,
kalgareta,a kind of meat stew,
kalibyan,lust,
kalikubak,dandruff,
kalilwa,"separate, set aside",
kalinguan,forget,
kalingwan,kalingwan,
kalken,scrawl,
kalsador,shoehorn,
"kalubalab, baiwan",neophyte,
kalugkug,roar,
"kalulu, pakakalulu, lipit",poor,
kaluskus,rustle,
kaluskus,sound,
kamantigi,a kind of tree,
kamatsilis,a kind of fruit tree,
kamutingan,silliness,
kandungangu,a wild bird,
kantidad,volume,
kantidad (an amount),quanlity,
kanunugak,garden snake,
kanunugak,snake,
kanwari,pretend,
kanyaman,delicious,
kanyo,pig slop,
kapadurutnan,biochain,
"kapagobra, kompanero",co-worker,
"kapaintulutan, tulut",consent,
"kapalit, kaliwas",alternate,
"kapalit, kayalili",substitute,
kapalsintan,lover,
kapalyarian,"happening, situation",
kapartner,partner,
kapasensiahan,patience,
"kapigaganaka, pigaganakan, migaganaka",worry,
kapilla,chapel,
kapitna,half,
kaplas,"hurt, sting",
kapsa,shell,
kaptas,bale,
kaptas,sheaf,
kapusantu,cemetery,
karakal,karakal,
"karculan, tantian",estimate,
"karinan, tuknangan",shelter,
karkulador,calculator,
karwai,carriage,
kasalesayan,story,
kasalpantayanan,faith,
kasalungsungan,currently,
kasankapan,appliance,
kasankapan,property,
"kasantingan, marimla",cool,
"kasapakat, kasorait",accomplice,
kasapunggul,bunch,
kasapuwegu,match box,
kashif,kashif,
kasilyas,toilet,
kasnuk,abhorrence,
kastanas,chestnut,
kasuba,safron,
"kasulung, progreso",progress,
kasulungsungan,current,
kasulungsungan,live,
kasumangid,"across, beyond, the other side",
katambayan,"co-worker, collaborator",
katampatan,appropriate,
"katatan, guilian",slash,
katibug,basket,
katmu,full of,
katsup,ketchup,
katuangan,father-in-law,
katuglung,continuation,
katus,snap,
kaul,embrace,
kaul,hug,
kayabe,companion,
kayaduanan,request,
kayagape,beside,
kayalan,absence,
kayanib,member,
kaybat,after,
keganagana,total,
keibaitan,birth,
kekatamung,our,
kekaungan,to all,
kekayu,yours,
kekongan,to all of you,
kelat,ubiquitious,
"kelebrahan, magkelebra",celebrate,
"kemiento, samiento, samientuan",cemet,
keni,here,
kentimos,centave,
kenu,whose,
kepis,cap,
kera,lie down,
keraklan,mostly,
keraklan,majority,
keraklan,mainly,
kerida,concubine,
kesa,instead,
kesa,than,
kesyo,this or that,
ket,bite,
ketubasan,gone bad,
kikimut,active,
kikwan,miscarriage,
kilap,"sheen, shine",
kildap,lightning,
"kildap, alti",earthquake wari?!?!?,
kile,brow,
kile,eyebrow,
kilikitan,tickle,
kilim,flicker,
kilual,outside,
kilub,inside,
kilub,in,
kilub,interior,
kimo,awkward,
kimtse,parsley,
kimut,movement,
kingwa,taken from,
kintalan,brand,
kiriling,tintinnabulation,
kiyak,cry,
kodernu,notebook,
"kodrado, kuadrado",square,
komanggi,brown skin color,
komangi,brown,
komentarista,commentator,
komision,commision,
kompania,company,
kompeticion,competition,
konbiniente,convenient,
konstablario,constabulary,
kornatin,cornet,
korobius,germs,
"kortina, iskrin",screen,
kosiang,pious,
"kotu, kuota",quota,
krisotan,a literary joust,
krobyus,microbe,
krobyus,germ,
krobyus,virus,
kuartu,room in the house,
kuartu,room,
kubiertos,silverware,
kubit,crooked,
kuchillo,kitchen knife,
kueba,cave,
"kuento, istoria",tale,
kuentu,narrate,
"kuentu, istoria",relate,
kuerdas,chord,
kukharita,teaspoon,
kukul,piece of cane sugar,
kulapispis,bankrupt,
kulate,creep like a vine,
kulayu,owl,
kuldas,alight,
kuldas,"alight, climb down, descend",
kule,color,
kulebra,a deadly disease,
kuliat,"a kind of tree, its fruit",
kuliawan,oriole,
"kulion, kulio",boo,
kulkul,hole,
kulkul,hole in the ground,
kulkulan,"dig, dirg a hole",
kulta,curdle like milk,
kulubasa,squash,
kulul,color,
kulul suklati,brown,
kulumbu,mosquito net,
kuluping,deformation of ear,
kulutun,frown,
kulyat,tree,
kulyawan,the color yellow,
kulyo,yell,
kumad,larvae of head lice,
kumad,louse,
"kumayap, mibawi",recover,
"kumpas, tiempo",rhythm,
kumusad,slither,
kumyak,cry,
kunal,pockmark,
kuneu,rabbit,
kunyat,chewiness,
kupak,smack,
kurat,whiny,
kuriru,"literary form, story in verse",
kursunsilyu,boxer short,
kurul,retreat,
kusintirul,pamperer,
kusuelo,pleasure,
kusuelo,fun,
kutil,wart,
kutnanan,consultant,
kwayan,bamboo,
kyapus,"imitate, mimic",
la,they,
la,them,
"labas, lague",star,
labasas,razor,
"laganap, kelat",rampant,
"lagpakan, lasakan",wreck,
laguen,haunt,
lagwa,lagwa,
lagyu,name,
laipan,centipede,
lakal,pad,
lakbe,trip,
lakdan,scorpion,
laklakan,devour,
"lakto, luksuan, lakton",skip,
lakuatsa,leisure,
lalague,character,
lalam,downstairs,
lalam,"bottom, down",
lalam,below,
lalam,depth,
lalam,under,
lalam danum,underwater,
lalam gabun,subway,
lalawe,man,
lalmunan,throat,
lamese,table,
lamnan,fill,
"lampasan, labisan, lumabis, lumampas, sumobra, mipalalu, lagpas",exceed,
langasan,dress,
langotsi,sack,
"langut, langutan",chew,
langutan,chewing gum,
"lapad, lualas",expanse,
laparis,runover,
lasak-lasak,ruins,
lasetas,jackknife,
lasetas,knife,
lasi-lasi,rubble,
"lati, mamala, matras",recede,
"latiko, latikuan",whip,
lawe lawe,looking around,
lawiwi,love song,
lawut,far,
lele,edge,
lele,put aside,
leproso,lente,
liamado,favorite,
libe,libido,
libreta,bankbook,
libreta,passbook,
libutad,middle,
"ligtas, saguipan",save,
lima,five,
"limasan, limas",drain,
limatak,glutton,
limbun,procession,
lingas-ngasan,bother,
lipaktung,cricket,
lipunga,trenchfoot,
lipunga,athlete's foot,
"lisun, lisyun",lesson,
"lokuan, pamiasnan",dupe,
"lomba-lomba, ballena",whale,
lorgabista,binoculars,
"lote, dakal",lot,
lovebird,lovebird,
ltxvos,tender,
lual,out,
lulam,nimbus clouds,
"lumapad, lumualas",expand,
lumbug,set,
"lumbug, palbug",submerge,
"lumibut, lumibad, maglibad-libad",roam,
"lumpia, limpia",egg roll,
lumput,sprout,
lumual,appear,
"lumuat, magluat",last,
lunganisa,sausage,
lungub,"come in, enter",
lungub,join,
lunkut,sorrow,
lunto,show,
lupisak,lizard,
lupisak,house lizard,
luyuk,slack,
luyus,betel nut,
"maaayama, makapanguiguil",you are cute,
mabaknal,choke,
mabalungus,big mouth,
mabangnas,rotten,
"mabawas, dumitak",diminish,
mabayat,severe,
mabayat,heavy,
mabibie,live,
mabie,being,
mabie,living,
mabie,alive,
"mabilis, masalusu, matalustus",fast,
mablas,retailiate,
mablas,reciprocate,
mabsi,full,
mabuhi,live,
mabungsul,swoon,
mabungsul,faint,
maduluk,smolder,
"magaling, biasa",skilled,
magarimuan,save,
magatal,itchy,
magatal,magatal,
magbitaung,howl,
"magdeklara, (vt) deklara",declare,
magdimitir,resign,
magkera,lie down,
"magkukulam, buruha",witch,
magkulta,coagulate,
magkurat- curatan,whine,
maglabul,gabble,
maglalawe,gaze,
maglaram,tell a lie,
maglawe-lawe,browse,
"maglintugan, miglintugan",blister,
maglubas,strip,
"magmaliksi, mamaligua",hurry,
"magmenus, magarímuan",economize,
"magmenus, magarimuan",economize,
magmuri,pick,
magpaguera,recline,
magpakaluat,linger,
magpakarakal,multiply,
magpalia,fail,
"magpaliwag, magpaluat",tarry,
magpalpatok,crackle,
magpayaglit,doze,
magpayaglit,nap,
magpayaglit,snooze,
magpayasuk,smoker,
magpenitencia,flagellant,
magraduadu,graduate,
magrenta,tenant,
"magsilbi, maliari",competent,
"magsilbi, maliari",may,
magtaburak,glut,
magtagumpe,succeed,
magtestigus,witness,
magtestigus,testify,
magtiaga,persevere,
"magtinda, mamisali",sell,
magtumbairu,tumble,
magundap-undap,glimmer,
maigpit,strict,
maigpitan,strictly,
"maina.. lub, talakalunus",softhearted,
maindredus,snoopy,
maindredus,nosy,
majic,magic,
makabague,appropriate,
"makabakle, makakera",horizontal,
makabaluktuk,bent,
makadisgustu,offensive,
makakalale,carefull,
makalbug,sunken,
makaliim,secret,
"makalto, mayayakit",visible,
makalual,exterior,
makalub,inside,
makamatua,elder,
makapangaklingan,earsplitting,
"makapngyarian, mayupaya",almighty,
makasadia,set,
"makasadia, makayadia",ready,
"makasakinda, makatalindata",supine,
"makasibangut, makasibaktung",pouting,
"makataid, makakonekta",connection,
makatalakad,upright,
makatikdo,erect,
makatuknang,resident,
makatuknang,occupant,
"makatula, makapakaíli",humorous,
makatumbo,bulding,
"makatumbo, makabuklo",protruding,
makayaliwa,special,
makayama,enjoyable,
makibat,responsible,
"makibat, magresayt",recite,
makibungil,argue,
makipagkompetencia,compete,
"makiput, maskup",tight,
makiterakan,to attend,
maklak,deaf,
makmul,gulp,
"makpak, malakpak",clap,
"makting, baktingan, bakting",tinkle,
makualta,rich,
makuenta,fussy,
makusuelu,proud,
makyasawa,to get married,
mal,precious,
malakak,snore,
"malandi, puta, malgarit",wanton,
malapsu,expire,
malda,crowd,
malda,masses,
malda,multitude,
maleldo,easter,
maliap,wild,
malibi,lewd,
malibi,lustful,
malicia,desire,
malilut,ripe,
malinatnat,smooth,
malingapngap,ticklish,
malipup,sweltering,
malisangan,warm,
"malpa, kulembut",weakling,
malulam,cloudy,
malulut,ripe,
malutub,fledgling,
maluwalas,broad,
mamakbung,erupt,
mamawus,i'll wait,
mamayutputan,proliferate,
mamialung,play,
mamiblas,mamiblas,
mamisali,seller,
mamleising,shuffle,
"mamugmug, masagua",crumby,
mamukipak,dirty,
mamulai,run,
mamyalung,play,
mamyasamas,properly,
"manabu, mibagsak",flunk,
managuanta,refrain from,
manalbe,watch,
manampil,fix the dishes (after eating),
manapelar,appeal,
manasik,sow,
manbibilay,manbibilae,
mandalum,plaintiff,
mandatun,settle,
mandatun,stay,
manensayu,rehearse,
maneynaya,wait,
mangabiayan,subsist,
mangalinguan,forget,
mangalisik,brisk,
mangalugui,lose,
"mangansilyu, gansiluan",crochet,
mangaslak,dilated,
mangaugse,spill,
mangisnawa,breathe,
mangisnawa.. saldak,snort,
manguribdib,shudder,
"maniali, tagapaniali",buyer,
maniamientu,mason,
maniampaga,bloom,
maniampaga,abloom,
manigaral,study,
"maniud, manyud",drift,
mantekilla,butter,
mantillo,hammer,
manuknangan,settler,
manunkulan,officer,
manurud,barber,
manyaman,delicious,
manyampukaki,over flow of love,
manyampukaki,overflowing,
manyuka,vomit,
manyulul,pakakalulu,
"mapagal, matikal",weary,
mapagbiasa-biasa,smart aleck,
mapagpakensia,tolerant,
mapaliari,possibly,
"mapamirait, baritakan",cheater,
mapamye,generous,
"mapaniwala, abibilug buntuk",gullible,
mapanyaup,sexy,
maparas,hot,
maparas,peppery,
mapekat,sticky,
mapenandit,soon,
mapibabata,patient,
maplas,aching,
mappia,warrior,
mapun,dinner,
maquilukub,cohabit with,
marakal,many,
maralikat,profusely,
"maranum, malanio",watery,
maranun,early,
"marapat, maliari",occur,
"marcha, magmarcha",march,
marilya,jealous,
marimla,cold,
maritak,few,
masabal,concern,
"masagua, pulkiria",messy,
"masala, mayasinta",vivid,
masalese,well,
masalpak,whats,
masasal,eager,
maslam,sour,
"maspak, aspakan",crackle,
masuerti,successful,
masuerti,fortunate,
"masulud, makalagwerta",secluded,
masunguit,mean,
matalimik,silent,
mataluras,slippery,
matalusad,slippery,
mataram,sharp,
mataram,acute,
matatangap,valid,
matbud,fragile,
matbud,delicate,
mathematica,mathematics,
matiab,capsize,
"matibe, magluat",durable,
matiguit,taut,
matilus,pointed,
matilus,sharp,
"matipid, marimut",thrifty,
matni buntuk,clever,
matras,retreat,
matrimonio,matrimony,
"matsura, manoug",ika ita,
matua,old,
matua,parent,
matud,sleep,
matudtud,"sleep, snooze",
matulid,straight,
matundu,sleepy,
matut,to fart,
mayagyu,strong,
mayasinta,clear,
"mayasinta, mayalto",evident,
mayaspak,split,
maympis,thin,
mayupaya,omnipotent,
mebantikul,sprained,
mebating,lost,
mebigu,jilted,
mebuysit,unset,
medesgracia,disgraced,
medio (somewhat),rather,
mekua,attracted,
mekurilyo,short,
melaparis,hit by a vehicle,
melula,trance,
memalintusan,memalintusan,
memayutputan,prolific,
memoria,memory,
memulang,maniac,
memusitara,memusitara,
menakit,seen,
mengalumpis,wrinkled,
mengapapauna,precedent,
menibat,from,
meniglo,eager,
meninap,dreamt,
menuling,black and blue,
menuling,bruise,
menuling,livid,
menyambut,nanalo siya,
mepaltuk,sprained,
merakap,captive,
merapat,incident,
"mesambut, meraig, mesaul",defeated,
mesayang,lost,
"mesayang, mewalang, kuenta",wasted,
mesindak,afraid,
metong,one,
meulad,insane,
meyayat,thin,
mi,urine,
mi,we,
miagape,abreast,
miagnan,simultaneously,
miarapan,face to face,
miasawa,couple,
"mibagsak, sapungan",crash,
mibagwa,prosper,
mibara,clog,
mibara,stall,
miblas,dress up,
mie,live,
mie,render,
miembro,member,
mierkules,wednesday,
migising,wake up,
migkamali,mistaken,
miglalang,creator,
miglate,welt,
miglayas,runaway,
miglintugan,scald,
migpalya,absent,
migup,drink,
mikakalabkad,blazing,
mikalait,tangle with,
mikanlapit... lub,intimate,
mikapali,enraged,
"mikapatad, mikaputul",brothers,
mikawani,split,
mikawani,separate,
milabas,past,
milabas,previous,
milabas,elapse,
milalabas,fleeting,
milayu,milayu,
milibe,swap,
"milibe, mipalit, pilibayan, pipalitan",exchange,
millionairo,millionaire,
milulupa,alike,
milulupa,identical,
milupung,huddle,
milyari,happen,
mimingat,take care,
mimwa keka,are you angry,
mimwa keka,angry to me,
mindak,sway,
mingatba,side to side,
minta,arived,
mipaburen,neglected,
"mipaintagun, mipatiempu",incidental,
"mipakirut, mengasdan",startled,
mipamulala,surprised,
mipangasawa,copulate,
mipapate,fighting,
mipasar,pass,
mipate,fighting,
mipawas,perspire,
miras,arrive,
miras (arrive),reach,
misalbag,"explode, scatter",
misapwak,born,
misasanmetung,unanimous,
mision,mission,
misionario,missionary,
misip,think,
misip,speculate,
"misip, malak",contemplate,
misterioso,mysterious,
mitabnu,meet,
mitakid,stub,
mitakid,stumble,
mitakutan,scare,
"mitalusad, magislaid",slide,
mitatalamitam,meeting/look for(at),
mitatau (flaming),ablaze,
mitau,burn,
mitipun,accumulate,
"mitipun, mipulung",convene,
"mitomba, mibulang, miragsa",fall,
mitukituki,consecutive,
mitutuki,back-to-back,
mitutundu,gising,
miyugse,spill,
momma,mimwa,
morus,"unchristian, barbarian, a person without manners",
mua,anger,
"mua, mimua",angry,
"mugmug, sagua",crumb,
mukum,"judgment, last",
mulai,run,
mulus,flood,
municipio,municipal hall,
munikala,suggest,
munisipio,tower hall,
munta,come,
"mupul, malut",harvest,
murit,lunatic,
murit,you are crazy,
"murit, muret",crazy,
mysterio,mystery,
myung,zoom,
nacha,nichole,
napun,yesterday,
naydamo,poutang-ina,
negatib,negative,
negocio,business,
"negocio, comercio",trade,
ngamu,you said,
ngamupaya,what,
ngana,he said,
ngungut,coconut,
"ninu, kaninu, kenu",whom,
nokarin,where,
"norte, paralaya",north,
nukarin,where,
nunganunga,noonga,
obat,why,
obligacion,duty,
"obligacion, katunkulan",obligation,
obligan,obligate,
"obserban, pagumasdan, magobserba, magumasid",observe,
okasion,occasion,
okupahan,occupy,
olen,marble,
oneng,but,
opicial,official,
opicina,office,
"order, yutus, utusan, mutus, morder",order,
ordinancia,ordinance,
organisacion,organization,
ornalan,installment,
ornamento,ornament,
orsabispo,archbishop,
ortelano,farmer,
ortelano,peasant,
ostia,host,
ostia,wafer,
osyu,sauce,
ot,why,
pabagya-bagya,gradual,
pabanglu,perfume,
pabanwa,pabanwa,
pabayat,something that weighs you down,
paburen,let,
padurut,spin,
"padurut, dumurut",twirl,
pag-aldoldo,daily,
"pagdependi, protekta",protect,
pagkabie,livelihood,
pagkabie,existence,
pagkalub,offering,
paglalawe,attitude,
paglokwan,paglokwan,
pagmayumu,dessert,
pagmemoria,memorize,
pagmulalan,curious,
"pagpakensia, pibatan, paburen",tolerate,
pagpaldas,weeds,
pagpaldasan,mourn,
"pagtaksilan, pagturaidulan",betray,
paguitan,margin,
paimburisan,"abandon, forsake",
paitas,soar,
"paitas, mipakde",rise,
pakabsian,satisfy,
pakabsiyan,make one eat his fill,
"pakapata, pakatudtud",anesthetic,
pakatudtud,tranquilizer,
pakawasa,refreshment,
pakdu,"shock, forced",
pakiapusan,mimic,
"pakit, palto",show,
pakyapusan,imitate,
palabud,bolo,
palague,presume,
palague lub,frank,
palak,dregs,
"palangian, langi",dry,
palatso,small ax,
palatun,plate,
palbug,to place underwater,
paldak,kick,
paldakan,to kick,
paldas,"black, black clothes for mourning",
"paldas, pamagpaldas",mourning,
palele-lele,vicinity,
paligi,"canal, ditch, gutter",
"palingapngapan, mangalingapngap",tickle,
palipitan,tweak,
"palipitan, palipit",wring,
"palitan, mipalit",switch,
palmuran,humiliate,
palmuran,curse,
"palmuran, malmura",scold,
palpipate,pugnacious,
palsalanan,indict,
palsimi,suffering,
palsingsingan,ring finger,
palsinta,romantic love,
"palual, kalualan",discharge,
palub,enclose,
paludpud,base of the bamboo tree,
paluka,beat,
pamaglaram,perjury,
pamagtangal,admiration,
pamagtiaga,perseverance,
pamakipag,adventure,
pamalsalanan,charge,
pamalsinta,your love,
pamamirait,cheating,
pamamiyalung,the act of playing,
pamananam,agriculture,
pamanyuyu,service,
pamaqkialam,intervention,
"pambihira, extraordinario",extraordinary,
pambuk,snout,
pamiabe,"living together, union",
pamiabeabe,social,
pamiagkas,spelling,
pamibiye-biye,way of life,
pamibungil,argument,
pamikaburi,engagement,
pamikaintindi,accord,
pamikakunu,alarm,
pamikamaganak,consanguinity,
pamikasundu,"agreement, contract, settlement",
pamikatagun,chance,
pamikawani,separation,
pamikontra,conflict,
pamipagsalita,conversation,
pamipamuk,"battle, war",
pamipisali,sale,
pamisabi,accord,
pamisali,sell out,
pamisanmetung,unity,
pamisanmetung,"amalgamation, merging, solidarity",
pamisulatan,correspondence,
pamitabnu,constact,
pamun,goodbye,
pamunag,sunrise,
pamuntuk,head,
pamusni,"can opener, foreword",
"pan, pan de sal, pan de sito",bun,
panabud,bolo,
panagkasan,panagkasan,
"panagkasanan, managkas",curse,
panalumduman,to search,
pananguilu,toilet paper,
"pandak, punguk",pudgy,
pandakaki,a kind of shrub,
pangadeporma,deformity,
pangaibat,afterwards,
pangalugui,loss,
pangapirake,division,
pangayatyu,presence,
pangayatyu,existence,
pangimut,"action, activity",
pangisnawa,breath,
pangmetung,singular,
pangutnan,interrogate,
"paniaplit, saplitan",goad,
panik,act of going up the stairs,
pankat,faction,
panlub,admission,
pantuk,finger wrestling,
pantyun,tomb,
panugali,character,
panugse,waste,
panupaya,"forgive, pardon",
panusigan,please,
panyabayan,panyabayan,
panyabbyanan,panyabbyanan,
panyalak,"sieve, strainer",
panyiguraduan,ensure,
"papal de lisa, or, - de liha",sandpaper,
paralaya,east,
paras,spicy hot,
"parehu, milulupa",similar,
parilla,gridiron,
parilla,grate,
paro,shrimp,
paroba,west,
"parti, departamiento",section,
pasaerus,passengers,
pasbul,gate,
pasdan,snipe,
"pasibaiwan, ulitan, yulit",repeat,
pasiknangan,sport,
pasipulai,scamper,
pasipulai,scramble,
paslan,press,
paslan,squeeze,
pasuabi,token,
patakla,prone to moving his bowel,
patalupit,bottle cap metal,
pataram,blade,
pataram,knife,
"patawan, mitau",ignite,
paten,slay,
paten,kill,
patente,patent,
patikulodyung,acacia tree,
patikulodyung,another name for the acacia tree,
patingapun,all day,
patlud,break,
patna,let-up,
patse,whenever,
patuag,bending over,
patugut,stop,
patuknangan,terminate,
patulbad,a kind of rice cake,
patus,horseshoe,
paud,yoke for a farm animal,
paugtuan,lunch,
paunacan,neice/nephew,
"paunakan, pangunakan",niece,
"pautang, kredito",credit,
pawaga,explanation,
"pawas, mipawas",sweat,
payalili,have something or someone replaced,
"payapa, taimik",peaceful,
payatras,retrogression,
pecamatas,zenith,
"pekamarok, pekamatsura",worst,
pekamasanting,best,
pekamatas,maximum,
pekamatas,supreme,
pekamayap,best,
pekapun,leader,
pekwa,game of domino,
penandit,"a moment, shortly",
penibatan,origin,
penibatan,from,
pepatagal,chased,
"perdibli, perdipli",safety pin,
periodico,magazine,
perlas,pearl,
"perwicio, mesira",damage,
"piabe-abe, piabenabayan",consolidate,
piaben,combine,
pialung,game,
pibandian,"assets, wealth",
pibandian,asset,
pibata,endure,
"pibatan, mibata",endure,
piblas,"clothes, suit",
piblas,attire,
piblasan,to dress up,
pibuburian,likable,
pigagap,earnest desire,
pigagbakacionan,resort,
pigalanggalangan,wrist,
pikailyan,a joke,
pikalukalwan,joint,
pikasunduan,mutual,
pikawanian,divide,
pikayari,deal,
"pikayari, pikasundu",settlement,
pikayasan,scrapings,
piklungan,joint,
"pikompara, piparewan",compare,
pikulatayan,trellis,
pilagarian,sawdust,
"pilatan, paguitan",space,
pildis,move slightly,
pilmi,firm,
pilualan,exit,
pilulanan,vessel,
piluluban,entrance,
pilulubluban,conscience,
piluluguran,loveable,
piluluran,spittoon,
pimpo,towel,
"pingan, pipanganan",dishes,
pingkit,slit-eyed,
pingo,a kind of saltwater fish,
pipagbuertan,turnaround,
pipalitan,interchange,
pipamialungan,playground,
pipanganan,restaurant,
pipanutangan,creditor,
pipumpunan,forefather,
pipumpunan,ancestor,
pirait,cheating,
piraitan,swindle,
piraralanan,passage,
pirat,rip,
piruya,rake,
pisabian,discuss,
pisali,sell,
pisamban,church,
pisamut,mixture,
pisanmetung,merge,
pisik,spill,
pisuk,clubfoot,
pitaid,join,
pitaklan,asshole,
pitaklan,poopy,
pitaklan,anus,
pitaklan,scrotum,
piteterakan,ballroom,
pitnan,divide,
pitsuran,visualize,
pitsuran,imagine,
piyalung,"play, sport",
pkwah,"hire, rent",
plansan,press,
plantu,stuck,
plasdan,fishpond,
plasu,deadline,
plyrd,side,
posibilidad,possibility,
posicion,position,
"potang, kabud",once,
presidyo,town hall,
sugi,priest class,
prinela,flannel,
pritil,sluice,
pucut,fishnet,
"puersa, puersan",force,
puersan,coerce,
puga,fish roe,
pugit,finish last,
"pukpukan, pulpukan",poke,
pul,"honey, molasses",
pulgatoryu,purgatory,
pulkiria,filthy,
pulkirya,slobbish,
pulpiaru,hotheaded,
"pulquero, pulqueruan",butcher,
"pulu, asta",handle,
pundamiento,fundamental,
punggul,handful,
pungus,severed,
puni,meals served during lent,
punti,break off,
puntuk,carry on top of the head,
"puputan, mapuput",suffocate,
purita,purita,
purupot,purupot,
pusad,"belly button, navel",
pusad,bellybutton,
pusitara,elope,
"pustura, posicion",posture,
pusyun,occasion,
putut,cut,
pututan,cut,
pututan,mow,
putyukan,honeybee,
puunan,capital,
puwad,thigh,
pwad,thigh,
qgeyh,rybsstrdum,
quimut,motion,
rancho,ranch,
ranco,rank,
ranup,hunger,
rapal,hurry,
rason,reason,
ratun,stillness,
rawak,"evil, wickedness",
rehabilitasyun,rehabilitation,
"reputacion, paintungulan",reputation,
"residencia, tuknangan",residence,
resistencia,resistance,
"retaso, pitabasan",remnant,
"rilis, tramo",railroad,
"rima, poecia",verse,
rirya,jealousy,
ritak,few,
roeda,ferris wheel,
rollo,scroll,
roma,rome,
romantiso,romantic,
rusia,russia,
sabagkalan,plug,
sabak,husk,
sagkan,shield,
sagkan,block,
sagmitan,seize,
sagpangan,seize,
saguiwa,raw,
saingsing,groan,
sakbit,sling,
"sakbit, sakle",strap,
"sake, saken",ride,
"saklo, suapang",greedy,
saklu,fetch water,
saklu,to fetch water,
saklungan,save,
"salabat, maslat",interfere,
salada,salad,
salada pruta,salad,
salampakan,crotch,
salangi,"come inside, enter",
"salap, panialap",strainer,
"salas, kilab",living room,
"salasan, salesen, talatag, yayus, yaregla",arrange,
salbag,spread,
"salbag, bubud",sow,
salibubang,beetle,
salikap,basket,
salimpara,ricochet,
salinku,turn,
salupil,bib,
saluput,surround,
samapluk,tamarind,
samasnan,settle,
sambitlan,cite,
"sambitlan, saglawayan, banguitan",mention,
samiento,floor,
samientuan,solidify,
samientuan,pave,
sandalia,sandal,
sandirit,propeller,
sandirit,pinwheel,
"sankanan, pamalsalanan, parsalanan, palsala, parsala",blame,
sankap,ingredient,
sanwich,sandwich,
"sapak, mitmu, masna",full,
sapatilla,washer,
sapingilan,slap,
sapni,"child, descendants",
sapua,pulp,
sarento,sergeant,
saresa,cherry,
saria,intentional,
"saya, ligaya, kusuelu",bliss,
sebalan,collided,
seis,six,
selagpian,in-law,
"selio, sello",stamp,
semestro,semester,
sensitibo,sensitive,
"sentencia, atul, sentencian",sentence,
sesen papragul,rear,
siap,chirp,
sibuk,try out,
sigui,zoom,
siklod,kneel,
sikuako,pipe,
sikuat,uppercut,
"sim, yeru, iero",shingle,
sinkilan,nudge,
sisilim,twilight,
siuala,voice,
soltero,single,
subling mie,resurrect,
submarino,submarine,
subornuan,support,
suguiran,defy,
sukad,measurement,
suklati,cocoa, 
sulapawan,airport,
sulapo,fly,
suli,problem,
suli,sprout,
suli,graft,
suli,offshoot,
sulip,downstairs,
sulparit,squirt,
"sulu, sulugui",lamp,
sulud,dress,
"sumipa, maldak, sipan, sikaran, paldakan, sipa",kick,
sumpal,cork,
"sumuyu, sumerbisyu, sumerbicio, magserbicio",serve,
sundur,resume,
sunga,gasp,
"sungul, sungulan",bribe,
sunlag,shine,
supillo,toothbrush,
susaid,suicide,
suspecha,suspicion,
suspende,suspend,
susulud,outfit,
"sut, isut",reconciliation,
tabalu,i don't know,
tabletas,tablet,
tabrete,chair,
tagkilan,touch,
tagle,nature,
taglus,proceed,
taguling,gutter,
tagumpe,success,
"tagunan, tumagun",attend,
tagusgus,slide,
"tai, itai, itungi",stitch,
taid,"lead by the hand, spur",
taiktik,stick,
taimik,"quiet, still",
tais,hone,
taisan,whetstone,
takde,sleeve,
takde,upper arm,
takdiyapo,taksiyapo,
takid,trip,
takla,defecate,
takla,stool,
taklang batwin,falling star,
takneydo,damn it,
talakad,"stand, to stand up",
talakad,arise,
"talalingap, talasaup",attendant,
talambie,biography,
talamitam,relationship,
taldawa,field,
talip,peel,
talipampan,alias,
talipan,peel,
taliri,finger,
talisain,a rooster with speckled feathers,
talnanan,knob,
talubang,butterfly,
talusad,slippery,
tambunan,bury,
tamimi,shy,
"tamnanan, tamnan, tanam",plant,
tampa,hit with the hand,
tampalingan,to slap,
tamumu,bee,
tana,us,
tanam,crop,
tandus,spear,
tandusan,spear,
tangalan,admire,
tangapan,accept,
tangapan,admit,
tanguian,decline,
tanke,stalk,
tanke,twig,
tankilikan,uphold,
tapangku,lean-to,
tapias,shard,
tapuk,"cohort, group, platoon",
taram,"blade, sharpness",
taramindu,tamarind jam,
taranati,star fruit,
tatap,winnow,
tatas,fluent,
tatio,cock,
tatyo,rooster,
tayas,whet,
teklada,piano key,
teknisa,technique,
tekuan,cup,
telegra,wire,
tenam,planted,
teoria,theory,
terak,dance,
terakan,ball,
tiani,tweezers,
tiba,bake,
tibukbuk,hood,
tidwa,"by twos, double",
tikal,fatigue,
tiltilan,dip,
timbabalak,lizard,
timbu,slim bamboo,
timbu,reed,
timbulan,flotation device,
timiran,press,
tindaragul,big toe,
"tinud, makaustu",proper,
"tipak, katigkal",chunk,
tiradol,slingshot,
miyabe,together,
tornillo,screw,
trambia,streetcar,
trambia,tram,
tramo,track,
tres,three,
tresurera,treasurer,
trinidad,trinity,
"trisyunan, pagtraidulan",doublecross,
tsura,ugly,
tudtud,sleep,
tudturan,bed,
tugak,frog,
tuglung,connect,
tuknang,stay,
tuknang,quit,
tuknang,live,
tuknang,cease,
tuknangan,address,
"tulauk, magtokokok",crow,
tulud,leaflet,
"tumali, mibangun",rise,
tumumbo,protrude,
tundun,nape,
tunggal,"alone, sole",
tunguen,treat,
turaidul,treacherous,
turak,ugly,
turopa,haystack,
turwanan,teach,
ualis,buttonhole,
ubad,nude,
"ubad, lubas",naked,
ubat,tinder,
udyuran,scrub,
ugtu,lunch,
ula,prophecy,
"ula, paula-ula",conjecture,
"ulan, manula, ula",guess,
ulas,blanket,
ulilla,orphan,
ulip,mend,
umbaw,umbaw,
unias,pick,
urud,haircut,
ustu,just,
"ustu, makabague",fit,
uyat,"root, vein",
venue,venue,
"wacat, paludpud",roots of tree,
wali,youngest sibling,
wantis,glove,
wapin,yes,
"ware - as in ""aku ware"" (more accurately)",rather,
watas,poet,
ya,he,
yabe,include,
yaklung,bend,
"yakmul, makmul",swallow,
yalis,move,
yambag,donate,
yamu,yamu,
"yandug, yampang, iparikil",dedicate,
yatsa,throw,
yatu,earth,
yeng,respect him,
yornu,bake,
yubu,glory,
yugse,dump,
yutus,direct,
"kabud-abud, gulping-gulpi, alang ketunan-tunan",suddenly,
"matuang panaun, minungang panaun",ancient,